-- phpMyAdmin SQL Dump
-- version 3.4.5
-- http://www.phpmyadmin.net
--
-- Host: localhost
-- Generation Time: Jun 30, 2012 at 12:44 AM
-- Server version: 5.5.16
-- PHP Version: 5.3.8

SET SQL_MODE="NO_AUTO_VALUE_ON_ZERO";
SET time_zone = "+00:00";


/*!40101 SET @OLD_CHARACTER_SET_CLIENT=@@CHARACTER_SET_CLIENT */;
/*!40101 SET @OLD_CHARACTER_SET_RESULTS=@@CHARACTER_SET_RESULTS */;
/*!40101 SET @OLD_COLLATION_CONNECTION=@@COLLATION_CONNECTION */;
/*!40101 SET NAMES utf8 */;

--
-- Database: `feedback`
--

-- --------------------------------------------------------

--
-- Table structure for table `batch_master`
--

CREATE TABLE IF NOT EXISTS `batch_master` (
  `batch_id` int(20) NOT NULL AUTO_INCREMENT,
  `batch_name` varchar(255) NOT NULL,
  `feedback_no` int(2) NOT NULL,
  PRIMARY KEY (`batch_id`)
) ENGINE=InnoDB  DEFAULT CHARSET=latin1 AUTO_INCREMENT=5 ;

--
-- Dumping data for table `batch_master`
--

INSERT INTO `batch_master` (`batch_id`, `batch_name`, `feedback_no`) VALUES
(1, '2012', 1),
(2, '2013', 1),
(3, '2014', 1),
(4, '2015', 1);

-- --------------------------------------------------------

--
-- Table structure for table `branch_master`
--

CREATE TABLE IF NOT EXISTS `branch_master` (
  `b_id` int(20) NOT NULL AUTO_INCREMENT,
  `b_name` varchar(255) NOT NULL,
  PRIMARY KEY (`b_id`)
) ENGINE=InnoDB  DEFAULT CHARSET=latin1 AUTO_INCREMENT=5 ;

--
-- Dumping data for table `branch_master`
--

INSERT INTO `branch_master` (`b_id`, `b_name`) VALUES
(1, 'CS'),
(2, 'Civil'),
(3, 'EC'),
(4, 'Mechanical');

-- --------------------------------------------------------

--
-- Table structure for table `faculty_master`
--

CREATE TABLE IF NOT EXISTS `faculty_master` (
  `f_id` int(20) NOT NULL AUTO_INCREMENT,
  `f_name` varchar(255) NOT NULL,
  `l_name` varchar(255) NOT NULL,
  `b_id` int(20) NOT NULL,
  PRIMARY KEY (`f_id`)
) ENGINE=InnoDB  DEFAULT CHARSET=latin1 AUTO_INCREMENT=48 ;

--
-- Dumping data for table `faculty_master`
--

INSERT INTO `faculty_master` (`f_id`, `f_name`, `l_name`, `b_id`) VALUES
(1, 'Dr.K.C.', 'Ravishankar', 1),
(2, 'Mr. Raghu', 'M.E', 1),
(3, 'Dr.', 'Prashanth', 2),
(4, 'Mr.', 'Devanand', 2),
(5, 'Dr.', 'Paramesh', 3),
(6, 'Mrs. Pallavi', 'H.V', 3),
(7, 'Mr. Vinay', 'Kumar', 4),
(8, 'Mr.Chethan', 'K.C', 1),
(9, 'Mr.', 'Annaaiah', 1),
(10, 'Mr.', 'Ranganath', 1),
(11, 'Ms.', 'Ramya', 1),
(12, 'Mr.', 'Manikanta', 1),
(13, 'Ms.', 'Tasmiya', 1),
(14, 'Mr. Mahesh', 'T S', 4),
(15, 'Ms.', 'Umme Sadiya', 1),
(16, 'Dr.', 'Rajappa', 1),
(17, 'Mrs.', 'Kalavathi G K', 1),
(18, 'Mr.', 'Pramod', 1),
(19, 'Ms. Kavyasri', 'M N', 1),
(20, 'Mr. H. A.', 'Vijaykumar', 2),
(21, 'Mr.', 'Kumbar P K', 2),
(22, 'Mr.', 'Harsha', 2),
(23, 'Mr.', 'Raghu', 2),
(24, 'Mr.', 'Chethan', 2),
(25, 'Mr.', 'Anilkumar', 2),
(26, 'Mr.', 'Nagaraj', 2),
(27, 'Mr.', 'Nagaraju K R', 3),
(28, 'Prof.', 'Nagaraju K R', 4),
(29, 'Dr.', 'T Rangaswamy', 4),
(30, 'Mr.', 'Doddahanumesha', 4),
(31, 'Mr.', 'Chennabasava Gouda', 4),
(32, 'Mrs.', 'Manjula S', 4),
(33, 'Mr.', 'Amit Kumar', 4),
(36, 'Mr.', 'Mahesh T S', 4),
(37, 'Mr.', 'Manjunath K', 4),
(38, 'Mr, Vinay', 'S S', 4),
(39, 'Mr.', 'Satyanarayana', 4),
(40, 'Mrs.', 'Asha H.N', 4),
(41, 'Sunitha', 'A.S', 3),
(42, 'BhagyaLaxmi', 'R', 3),
(43, 'Mr. Prakash', 'M.B', 3),
(44, 'Baby', 'H.T', 3),
(45, 'Dakshayini', 'M R', 3),
(46, 'Niranjan ', 'Kumar M', 3),
(47, 'Shruthi', 'K N', 3);

-- --------------------------------------------------------

--
-- Table structure for table `feedback_master`
--

CREATE TABLE IF NOT EXISTS `feedback_master` (
  `feed_id` int(20) NOT NULL AUTO_INCREMENT,
  `b_id` int(20) NOT NULL,
  `batch_id` int(20) NOT NULL,
  `feedback_no` int(20) NOT NULL,
  `sem_id` int(20) NOT NULL,
  `f_id` int(20) NOT NULL,
  `sub_id` int(20) NOT NULL,
  `ans1` int(20) NOT NULL,
  `ans2` int(20) NOT NULL,
  `ans3` int(20) NOT NULL,
  `ans4` int(20) NOT NULL,
  `ans5` int(20) NOT NULL,
  `ans6` int(20) NOT NULL,
  `ans7` int(20) NOT NULL,
  `ans8` int(20) NOT NULL,
  `ans9` int(20) NOT NULL,
  `ans10` int(20) NOT NULL,
  `ans11` int(20) NOT NULL,
  `ans12` int(20) NOT NULL,
  `ans13` int(20) NOT NULL,
  `ans14` int(20) NOT NULL,
  `ans15` int(20) NOT NULL,
  `total` int(20) NOT NULL,
  `feed_date` date NOT NULL,
  PRIMARY KEY (`feed_id`)
) ENGINE=InnoDB  DEFAULT CHARSET=latin1 AUTO_INCREMENT=137 ;

--
-- Dumping data for table `feedback_master`
--

INSERT INTO `feedback_master` (`feed_id`, `b_id`, `batch_id`, `feedback_no`, `sem_id`, `f_id`, `sub_id`, `ans1`, `ans2`, `ans3`, `ans4`, `ans5`, `ans6`, `ans7`, `ans8`, `ans9`, `ans10`, `ans11`, `ans12`, `ans13`, `ans14`, `ans15`, `total`, `feed_date`) VALUES
(1, 1, 1, 1, 8, 8, 15, 1, 1, 1, 1, 1, 2, 1, 2, 1, 1, 1, 3, 3, 4, 4, 27, '2012-05-21'),
(2, 1, 1, 1, 8, 8, 15, 10, 10, 8, 8, 9, 3, 4, 5, 4, 5, 5, 4, 2, 5, 3, 85, '2012-05-21'),
(3, 1, 1, 1, 8, 8, 15, 10, 10, 8, 8, 8, 4, 4, 5, 4, 4, 4, 4, 4, 5, 5, 87, '2012-05-21'),
(4, 1, 1, 1, 8, 9, 16, 8, 8, 9, 10, 8, 3, 3, 5, 5, 5, 3, 5, 5, 5, 4, 86, '2012-05-21'),
(5, 1, 1, 1, 8, 9, 16, 10, 8, 8, 9, 6, 4, 5, 4, 3, 5, 5, 2, 5, 3, 5, 82, '2012-05-21'),
(6, 1, 1, 1, 8, 10, 17, 10, 10, 10, 9, 10, 4, 5, 5, 5, 4, 5, 5, 4, 5, 3, 94, '2012-05-21'),
(7, 1, 1, 1, 8, 8, 15, 10, 9, 9, 9, 10, 4, 5, 4, 5, 5, 5, 3, 3, 5, 5, 91, '2012-05-21'),
(8, 1, 1, 1, 8, 11, 18, 8, 9, 9, 8, 7, 4, 3, 4, 4, 4, 4, 4, 4, 5, 4, 81, '2012-05-21'),
(9, 1, 1, 1, 8, 8, 15, 10, 10, 10, 10, 10, 5, 5, 5, 5, 5, 5, 5, 5, 5, 5, 100, '2012-05-21'),
(10, 1, 1, 1, 8, 8, 15, 9, 9, 9, 9, 9, 5, 5, 5, 5, 5, 5, 5, 5, 5, 5, 95, '2012-05-21'),
(11, 1, 1, 1, 8, 9, 16, 1, 1, 2, 1, 2, 5, 1, 1, 1, 1, 0, 1, 3, 1, 5, 26, '2012-05-21'),
(12, 1, 1, 1, 8, 10, 17, 8, 8, 8, 8, 8, 3, 3, 1, 1, 5, 5, 5, 5, 5, 5, 78, '2012-05-21'),
(13, 1, 1, 1, 8, 9, 16, 3, 3, 2, 2, 2, 2, 1, 1, 1, 3, 3, 3, 3, 3, 3, 35, '2012-05-21'),
(14, 1, 1, 1, 8, 11, 18, 10, 10, 10, 10, 10, 5, 5, 5, 5, 5, 5, 5, 5, 4, 5, 99, '2012-05-21'),
(15, 1, 1, 1, 8, 10, 17, 10, 10, 10, 10, 10, 3, 4, 0, 5, 5, 5, 5, 5, 5, 5, 92, '2012-05-21'),
(16, 1, 1, 1, 8, 11, 18, 10, 10, 10, 10, 10, 2, 5, 5, 5, 5, 5, 5, 5, 4, 4, 95, '2012-05-21'),
(17, 1, 1, 1, 8, 8, 15, 6, 6, 6, 6, 6, 3, 2, 3, 3, 3, 4, 4, 3, 4, 3, 62, '2012-05-21'),
(18, 1, 1, 1, 8, 9, 16, 1, 1, 1, 1, 1, 1, 1, 1, 1, 1, 1, 1, 1, 1, 1, 15, '2012-05-21'),
(19, 1, 1, 1, 8, 8, 15, 10, 10, 10, 10, 10, 5, 5, 5, 5, 5, 5, 5, 5, 5, 5, 100, '2012-05-21'),
(20, 1, 1, 1, 8, 8, 15, 10, 10, 10, 10, 10, 5, 5, 5, 5, 5, 5, 5, 5, 5, 5, 100, '2012-05-21'),
(21, 1, 1, 1, 8, 8, 15, 9, 9, 8, 8, 7, 3, 5, 5, 3, 5, 5, 4, 3, 5, 5, 84, '2012-05-21'),
(22, 1, 1, 1, 8, 10, 17, 4, 4, 4, 5, 5, 5, 4, 3, 4, 4, 4, 3, 3, 5, 3, 60, '2012-05-21'),
(23, 1, 1, 1, 8, 8, 15, 10, 10, 10, 9, 10, 5, 4, 4, 3, 5, 5, 5, 4, 5, 5, 94, '2012-05-21'),
(24, 1, 1, 1, 8, 11, 18, 10, 10, 10, 10, 10, 5, 5, 5, 5, 5, 5, 5, 5, 5, 5, 100, '2012-05-21'),
(25, 1, 1, 1, 8, 9, 16, 7, 7, 7, 7, 7, 5, 5, 5, 1, 1, 5, 5, 4, 3, 3, 72, '2012-05-21'),
(26, 1, 1, 1, 8, 8, 15, 10, 10, 10, 10, 9, 5, 5, 5, 5, 5, 5, 5, 5, 5, 5, 99, '2012-05-21'),
(27, 1, 1, 1, 8, 10, 17, 8, 8, 8, 8, 8, 4, 4, 4, 4, 4, 4, 4, 4, 4, 4, 80, '2012-05-21'),
(28, 1, 1, 1, 8, 8, 15, 9, 9, 9, 8, 10, 3, 3, 4, 3, 2, 3, 2, 1, 4, 3, 73, '2012-05-21'),
(29, 1, 1, 1, 8, 8, 15, 10, 10, 10, 10, 10, 5, 5, 5, 5, 5, 5, 5, 5, 5, 5, 100, '2012-05-21'),
(30, 1, 1, 1, 8, 11, 18, 7, 7, 7, 7, 7, 4, 4, 4, 4, 4, 4, 4, 4, 0, 0, 67, '2012-05-21'),
(31, 1, 1, 1, 8, 10, 17, 10, 10, 10, 10, 10, 5, 5, 5, 5, 5, 5, 5, 5, 5, 5, 100, '2012-05-21'),
(32, 1, 1, 1, 8, 11, 18, 10, 10, 10, 10, 10, 5, 5, 5, 5, 5, 5, 5, 5, 5, 5, 100, '2012-05-21'),
(33, 1, 1, 1, 8, 8, 15, 10, 10, 10, 10, 10, 5, 5, 5, 5, 5, 5, 5, 5, 5, 5, 100, '2012-05-21'),
(34, 1, 1, 1, 8, 8, 15, 10, 10, 10, 9, 9, 5, 5, 5, 4, 5, 5, 5, 5, 5, 5, 97, '2012-05-21'),
(35, 1, 1, 1, 8, 9, 16, 1, 7, 7, 7, 7, 1, 1, 1, 1, 1, 1, 0, 0, 0, 0, 35, '2012-05-21'),
(36, 1, 1, 1, 8, 9, 16, 4, 1, 3, 10, 1, 1, 1, 1, 1, 1, 1, 1, 4, 3, 5, 38, '2012-05-21'),
(37, 1, 1, 1, 8, 10, 17, 10, 10, 10, 10, 10, 5, 5, 5, 5, 5, 5, 5, 5, 5, 5, 100, '2012-05-21'),
(38, 1, 1, 1, 8, 11, 18, 8, 8, 8, 8, 8, 4, 4, 4, 4, 5, 5, 5, 3, 4, 4, 82, '2012-05-21'),
(39, 1, 1, 1, 8, 9, 16, 5, 4, 3, 4, 2, 3, 2, 3, 3, 4, 2, 3, 3, 1, 1, 43, '2012-05-21'),
(40, 1, 1, 1, 8, 10, 17, 9, 9, 10, 10, 8, 5, 5, 3, 3, 4, 4, 4, 5, 5, 5, 89, '2012-05-21'),
(41, 1, 1, 1, 8, 11, 18, 10, 10, 10, 10, 10, 5, 5, 5, 5, 5, 5, 5, 5, 5, 5, 100, '2012-05-21'),
(42, 1, 1, 1, 8, 10, 17, 9, 9, 8, 8, 10, 4, 5, 4, 4, 4, 4, 3, 4, 4, 2, 82, '2012-05-21'),
(43, 1, 1, 1, 8, 10, 17, 9, 10, 9, 8, 10, 3, 5, 5, 5, 5, 5, 3, 5, 5, 4, 91, '2012-05-21'),
(44, 1, 1, 1, 8, 8, 15, 10, 10, 10, 10, 10, 5, 5, 5, 5, 5, 5, 5, 5, 5, 5, 100, '2012-05-21'),
(45, 1, 1, 1, 8, 8, 15, 10, 10, 10, 10, 10, 5, 5, 5, 5, 5, 4, 5, 5, 5, 5, 99, '2012-05-21'),
(46, 1, 1, 1, 8, 9, 16, 5, 5, 5, 6, 5, 5, 4, 4, 5, 5, 4, 5, 5, 2, 2, 67, '2012-05-21'),
(47, 1, 1, 1, 8, 11, 18, 8, 9, 7, 8, 7, 4, 2, 5, 5, 5, 4, 2, 4, 0, 5, 75, '2012-05-21'),
(48, 1, 1, 1, 8, 10, 17, 10, 10, 10, 10, 10, 4, 5, 4, 5, 3, 4, 5, 5, 5, 5, 95, '2012-05-21'),
(49, 1, 1, 1, 8, 9, 16, 1, 1, 0, 1, 1, 1, 1, 1, 0, 0, 1, 0, 0, 0, 1, 9, '2012-05-21'),
(50, 1, 1, 1, 8, 11, 18, 10, 9, 8, 9, 10, 5, 5, 4, 5, 4, 5, 5, 5, 5, 5, 94, '2012-05-21'),
(51, 1, 1, 1, 8, 11, 18, 10, 10, 10, 10, 10, 5, 5, 5, 5, 5, 5, 5, 5, 5, 5, 100, '2012-05-21'),
(52, 1, 1, 1, 8, 8, 15, 10, 10, 10, 10, 10, 5, 5, 5, 5, 5, 5, 5, 5, 5, 5, 100, '2012-05-21'),
(53, 1, 1, 1, 8, 8, 15, 10, 10, 6, 8, 8, 2, 1, 2, 2, 5, 5, 1, 1, 5, 5, 71, '2012-05-21'),
(54, 1, 1, 1, 8, 8, 15, 9, 10, 8, 7, 8, 2, 2, 3, 3, 2, 4, 3, 3, 4, 4, 72, '2012-05-21'),
(55, 1, 1, 1, 8, 9, 16, 1, 1, 1, 1, 1, 0, 1, 0, 0, 1, 1, 1, 1, 1, 1, 12, '2012-05-21'),
(56, 1, 1, 1, 8, 8, 15, 10, 10, 9, 9, 10, 4, 5, 5, 5, 5, 5, 5, 4, 5, 5, 96, '2012-05-21'),
(57, 1, 1, 1, 8, 11, 18, 9, 8, 9, 9, 8, 3, 1, 2, 4, 1, 5, 4, 3, 4, 5, 75, '2012-05-21'),
(58, 1, 1, 1, 8, 10, 17, 9, 10, 9, 9, 10, 4, 5, 4, 0, 5, 5, 4, 5, 4, 5, 88, '2012-05-21'),
(59, 1, 1, 1, 8, 11, 18, 10, 10, 10, 10, 10, 5, 5, 5, 5, 5, 5, 5, 5, 5, 5, 100, '2012-05-21'),
(60, 1, 1, 1, 8, 9, 16, 1, 1, 1, 2, 1, 0, 1, 1, 1, 1, 1, 1, 1, 1, 1, 15, '2012-05-21'),
(61, 1, 1, 1, 8, 9, 16, 2, 2, 1, 1, 1, 3, 2, 2, 2, 1, 2, 2, 3, 2, 5, 31, '2012-05-21'),
(62, 1, 1, 1, 8, 8, 15, 8, 9, 8, 9, 9, 4, 4, 3, 3, 5, 5, 5, 4, 4, 5, 85, '2012-05-21'),
(63, 1, 1, 1, 8, 10, 17, 9, 8, 7, 9, 7, 3, 4, 3, 3, 5, 4, 4, 3, 4, 3, 76, '2012-05-21'),
(64, 1, 1, 1, 8, 9, 16, 9, 8, 1, 9, 9, 5, 4, 4, 3, 5, 5, 5, 1, 1, 4, 73, '2012-05-21'),
(65, 1, 1, 1, 8, 11, 18, 9, 7, 6, 5, 4, 3, 2, 4, 4, 4, 5, 4, 3, 4, 5, 69, '2012-05-21'),
(66, 1, 1, 1, 8, 10, 17, 10, 9, 8, 7, 9, 2, 4, 3, 2, 5, 5, 5, 4, 4, 4, 81, '2012-05-21'),
(67, 1, 1, 1, 8, 8, 15, 10, 10, 10, 10, 10, 5, 5, 5, 5, 5, 5, 5, 5, 5, 5, 100, '2012-05-21'),
(68, 1, 1, 1, 8, 8, 15, 10, 10, 10, 10, 10, 5, 0, 3, 4, 4, 4, 5, 4, 5, 4, 88, '2012-05-21'),
(69, 1, 1, 1, 8, 10, 17, 9, 8, 9, 6, 8, 3, 4, 4, 3, 3, 4, 4, 3, 4, 3, 75, '2012-05-21'),
(70, 1, 1, 1, 8, 8, 15, 10, 10, 10, 9, 10, 5, 5, 5, 5, 5, 5, 5, 5, 5, 5, 99, '2012-05-21'),
(71, 1, 1, 1, 8, 10, 17, 8, 7, 7, 7, 6, 5, 5, 4, 4, 4, 5, 5, 5, 4, 4, 80, '2012-05-21'),
(72, 1, 1, 1, 8, 11, 18, 8, 8, 7, 8, 7, 4, 2, 3, 3, 2, 5, 4, 3, 4, 4, 72, '2012-05-21'),
(73, 1, 1, 1, 8, 11, 18, 10, 10, 10, 10, 10, 5, 5, 5, 5, 5, 5, 3, 2, 5, 0, 90, '2012-05-21'),
(74, 1, 1, 1, 8, 9, 16, 1, 1, 1, 1, 1, 1, 1, 1, 5, 2, 3, 3, 1, 1, 1, 24, '2012-05-21'),
(75, 1, 1, 1, 8, 9, 16, 7, 4, 4, 6, 6, 3, 3, 4, 2, 2, 2, 3, 3, 2, 2, 53, '2012-05-21'),
(76, 1, 1, 1, 8, 10, 17, 9, 8, 8, 9, 7, 4, 4, 4, 4, 4, 4, 4, 4, 2, 2, 77, '2012-05-21'),
(77, 1, 1, 1, 8, 8, 15, 5, 7, 8, 9, 8, 4, 4, 2, 3, 4, 4, 3, 2, 1, 4, 68, '2012-05-21'),
(78, 1, 1, 1, 8, 8, 15, 10, 10, 10, 10, 10, 5, 5, 5, 5, 5, 5, 5, 5, 5, 5, 100, '2012-05-21'),
(79, 1, 1, 1, 8, 9, 16, 7, 4, 3, 2, 3, 3, 4, 3, 3, 1, 1, 2, 1, 2, 2, 41, '2012-05-21'),
(80, 1, 1, 1, 8, 9, 16, 1, 1, 1, 1, 1, 0, 0, 0, 0, 0, 0, 0, 0, 0, 0, 5, '2012-05-21'),
(81, 1, 1, 1, 8, 10, 17, 10, 9, 9, 8, 9, 5, 5, 5, 4, 4, 4, 4, 4, 1, 1, 82, '2012-05-21'),
(82, 1, 1, 1, 8, 11, 18, 10, 9, 9, 10, 10, 5, 4, 4, 5, 5, 4, 4, 5, 5, 5, 94, '2012-05-21'),
(83, 1, 1, 1, 8, 10, 17, 9, 9, 8, 9, 10, 3, 4, 4, 4, 4, 5, 4, 3, 4, 3, 83, '2012-05-21'),
(84, 1, 1, 1, 8, 8, 15, 10, 7, 8, 5, 9, 4, 4, 2, 1, 5, 4, 4, 4, 5, 5, 77, '2012-05-21'),
(85, 1, 1, 1, 8, 11, 18, 9, 9, 9, 10, 8, 5, 4, 4, 3, 3, 4, 5, 4, 4, 5, 86, '2012-05-21'),
(86, 1, 1, 1, 8, 8, 15, 10, 10, 10, 10, 10, 5, 5, 5, 5, 5, 4, 5, 2, 5, 5, 96, '2012-05-21'),
(87, 1, 1, 1, 8, 8, 15, 9, 8, 4, 5, 8, 2, 2, 3, 2, 5, 5, 5, 2, 3, 4, 67, '2012-05-23'),
(88, 1, 1, 1, 8, 9, 16, 3, 2, 4, 3, 1, 3, 5, 3, 2, 1, 1, 1, 4, 1, 2, 36, '2012-05-23'),
(89, 1, 1, 1, 8, 10, 17, 9, 8, 9, 3, 9, 4, 5, 3, 3, 4, 3, 4, 3, 4, 3, 74, '2012-05-23'),
(90, 1, 1, 1, 8, 11, 18, 6, 8, 6, 4, 4, 4, 2, 3, 5, 5, 5, 4, 3, 2, 5, 66, '2012-05-23'),
(91, 1, 1, 1, 8, 8, 15, 9, 8, 7, 6, 8, 3, 4, 4, 3, 4, 4, 3, 3, 3, 3, 72, '2012-05-23'),
(92, 1, 1, 1, 8, 9, 16, 6, 7, 6, 5, 5, 3, 5, 3, 3, 3, 3, 3, 4, 3, 3, 62, '2012-05-23'),
(93, 1, 1, 1, 8, 10, 17, 10, 9, 8, 8, 10, 4, 5, 4, 4, 4, 4, 4, 4, 4, 3, 85, '2012-05-23'),
(94, 1, 1, 1, 8, 11, 18, 8, 7, 6, 6, 6, 4, 3, 2, 4, 4, 4, 4, 3, 3, 5, 69, '2012-05-23'),
(95, 1, 1, 1, 8, 8, 15, 7, 8, 8, 7, 8, 3, 3, 4, 3, 2, 3, 2, 4, 2, 3, 67, '2012-05-23'),
(96, 1, 1, 1, 8, 9, 16, 5, 5, 5, 5, 5, 4, 3, 3, 5, 4, 3, 3, 3, 3, 5, 61, '2012-05-23'),
(97, 1, 1, 1, 8, 10, 17, 10, 10, 9, 8, 9, 3, 5, 4, 5, 5, 4, 5, 4, 4, 4, 89, '2012-05-23'),
(98, 1, 1, 1, 8, 11, 18, 9, 8, 9, 8, 9, 4, 5, 4, 5, 4, 4, 3, 4, 3, 4, 83, '2012-05-23'),
(99, 1, 1, 1, 8, 8, 15, 4, 5, 6, 5, 8, 3, 4, 4, 4, 4, 4, 4, 4, 4, 5, 68, '2012-05-23'),
(100, 1, 1, 1, 8, 9, 16, 5, 4, 5, 6, 5, 4, 4, 4, 3, 4, 3, 3, 4, 4, 4, 62, '2012-05-23'),
(101, 1, 1, 1, 8, 10, 17, 8, 9, 9, 9, 9, 4, 5, 4, 5, 4, 4, 4, 4, 5, 5, 88, '2012-05-23'),
(102, 1, 1, 1, 8, 11, 18, 8, 8, 9, 8, 8, 4, 5, 4, 4, 5, 5, 5, 4, 4, 4, 85, '2012-05-23'),
(103, 1, 1, 1, 8, 8, 15, 0, 0, 0, 0, 0, 0, 0, 0, 0, 0, 0, 0, 0, 0, 0, 0, '2012-05-23'),
(104, 1, 1, 1, 8, 9, 16, 5, 4, 6, 5, 6, 4, 3, 4, 2, 3, 3, 4, 4, 2, 2, 57, '2012-05-23'),
(105, 1, 1, 1, 8, 10, 17, 9, 9, 6, 8, 9, 3, 4, 4, 4, 4, 5, 4, 4, 5, 3, 81, '2012-05-23'),
(106, 1, 1, 1, 8, 11, 18, 9, 9, 8, 7, 8, 4, 4, 4, 5, 5, 5, 3, 2, 4, 5, 82, '2012-05-23'),
(107, 1, 1, 1, 8, 8, 15, 7, 6, 5, 5, 8, 3, 3, 3, 2, 2, 4, 3, 1, 1, 2, 55, '2012-05-23'),
(108, 1, 1, 1, 8, 9, 16, 6, 4, 5, 5, 4, 3, 2, 4, 2, 1, 1, 2, 3, 2, 2, 46, '2012-05-23'),
(109, 1, 1, 1, 8, 10, 17, 9, 9, 6, 6, 10, 4, 5, 4, 3, 5, 5, 4, 2, 5, 4, 81, '2012-05-23'),
(110, 1, 1, 1, 8, 11, 18, 9, 9, 8, 6, 9, 5, 4, 5, 5, 5, 5, 3, 1, 5, 5, 84, '2012-05-23'),
(111, 1, 1, 1, 8, 8, 15, 8, 8, 7, 8, 9, 5, 3, 3, 2, 1, 5, 5, 3, 4, 3, 74, '2012-05-23'),
(112, 1, 1, 1, 8, 9, 16, 6, 5, 2, 5, 3, 3, 5, 2, 1, 1, 1, 2, 1, 2, 1, 40, '2012-05-23'),
(113, 1, 1, 1, 8, 10, 17, 9, 9, 8, 9, 9, 3, 5, 4, 4, 3, 4, 3, 2, 4, 3, 79, '2012-05-23'),
(114, 1, 1, 1, 8, 11, 18, 8, 7, 6, 7, 5, 3, 3, 4, 4, 5, 5, 5, 3, 4, 5, 74, '2012-05-23'),
(115, 1, 1, 1, 8, 8, 15, 9, 9, 9, 9, 9, 5, 3, 5, 3, 4, 5, 5, 2, 5, 4, 86, '2012-05-23'),
(116, 1, 1, 1, 8, 9, 16, 2, 2, 3, 5, 3, 5, 4, 5, 5, 1, 1, 1, 5, 2, 5, 47, '2012-05-23'),
(117, 1, 1, 1, 8, 10, 17, 8, 8, 8, 8, 8, 4, 4, 4, 5, 5, 5, 5, 5, 3, 5, 85, '2012-05-23'),
(118, 1, 1, 1, 8, 11, 18, 9, 8, 7, 6, 5, 5, 5, 5, 5, 5, 5, 5, 5, 5, 5, 85, '2012-05-23'),
(119, 1, 1, 1, 8, 8, 15, 10, 10, 10, 10, 9, 5, 5, 4, 4, 5, 5, 5, 5, 5, 5, 97, '2012-05-24'),
(120, 1, 1, 1, 8, 9, 16, 8, 8, 7, 8, 7, 3, 4, 5, 4, 1, 1, 1, 2, 3, 1, 63, '2012-05-24'),
(121, 1, 1, 1, 8, 10, 17, 10, 10, 10, 10, 10, 5, 5, 5, 5, 5, 5, 5, 5, 5, 5, 100, '2012-05-24'),
(122, 1, 1, 1, 8, 11, 18, 9, 8, 9, 7, 6, 5, 4, 1, 5, 5, 5, 5, 5, 4, 5, 83, '2012-05-24'),
(123, 1, 1, 1, 8, 8, 15, 10, 9, 8, 8, 8, 4, 4, 5, 5, 4, 4, 3, 1, 4, 4, 81, '2012-05-24'),
(124, 1, 1, 1, 8, 9, 16, 5, 6, 5, 5, 8, 3, 1, 5, 5, 4, 3, 2, 3, 3, 5, 63, '2012-05-24'),
(125, 1, 1, 1, 8, 10, 17, 10, 10, 10, 10, 10, 5, 5, 1, 4, 5, 0, 5, 5, 5, 4, 89, '2012-05-24'),
(126, 1, 1, 1, 8, 11, 18, 10, 6, 5, 5, 7, 4, 1, 1, 5, 5, 5, 5, 5, 5, 5, 74, '2012-05-24'),
(127, 1, 1, 1, 8, 8, 15, 9, 9, 9, 10, 9, 5, 5, 4, 4, 5, 5, 4, 4, 5, 5, 92, '2012-05-24'),
(128, 1, 1, 1, 8, 9, 16, 0, 9, 8, 8, 8, 4, 4, 4, 5, 3, 3, 5, 4, 4, 3, 72, '2012-05-24'),
(129, 1, 1, 1, 8, 10, 17, 10, 10, 10, 9, 10, 5, 5, 4, 4, 5, 4, 5, 4, 4, 5, 94, '2012-05-24'),
(130, 1, 1, 1, 8, 11, 18, 9, 10, 9, 9, 9, 5, 4, 5, 5, 5, 5, 4, 4, 4, 5, 92, '2012-05-24'),
(131, 1, 2, 1, 6, 15, 30, 0, 0, 0, 0, 0, 0, 0, 0, 0, 0, 0, 0, 0, 0, 0, 0, '2012-06-30'),
(132, 1, 2, 1, 6, 12, 19, 0, 0, 0, 0, 0, 0, 0, 0, 0, 0, 0, 0, 0, 0, 0, 0, '2012-06-30'),
(133, 1, 2, 1, 6, 13, 20, 0, 0, 0, 0, 0, 0, 0, 0, 0, 0, 0, 0, 0, 0, 0, 0, '2012-06-30'),
(134, 1, 2, 1, 6, 8, 21, 0, 0, 0, 0, 0, 0, 0, 0, 0, 0, 0, 0, 0, 0, 0, 0, '2012-06-30'),
(135, 1, 2, 1, 6, 0, 0, 0, 0, 0, 0, 0, 0, 0, 0, 0, 0, 0, 0, 0, 0, 0, 0, '2012-06-30'),
(136, 1, 2, 1, 6, 0, 0, 0, 0, 0, 0, 0, 0, 0, 0, 0, 0, 0, 0, 0, 0, 0, 0, '2012-06-30');

-- --------------------------------------------------------

--
-- Table structure for table `feedback_para`
--

CREATE TABLE IF NOT EXISTS `feedback_para` (
  `para_id` int(1) NOT NULL,
  `batch_id` int(10) NOT NULL,
  `b_id` int(10) NOT NULL,
  `sem_id` int(10) NOT NULL,
  `usn_no` varchar(10) CHARACTER SET utf8 COLLATE utf8_unicode_ci NOT NULL
) ENGINE=InnoDB DEFAULT CHARSET=latin1;

--
-- Dumping data for table `feedback_para`
--

INSERT INTO `feedback_para` (`para_id`, `batch_id`, `b_id`, `sem_id`, `usn_no`) VALUES
(1, 2, 1, 6, '');

-- --------------------------------------------------------

--
-- Table structure for table `feedback_ques_master`
--

CREATE TABLE IF NOT EXISTS `feedback_ques_master` (
  `q_id` int(20) NOT NULL AUTO_INCREMENT,
  `ques` varchar(255) NOT NULL,
  PRIMARY KEY (`q_id`)
) ENGINE=InnoDB  DEFAULT CHARSET=latin1 AUTO_INCREMENT=16 ;

--
-- Dumping data for table `feedback_ques_master`
--

INSERT INTO `feedback_ques_master` (`q_id`, `ques`) VALUES
(1, 'Regularity and Punctuality in taking classes.'),
(2, 'Preparation for the classes.'),
(3, 'Attitude and presentation in the class.'),
(4, 'Teaching methodology and Oral communication.'),
(5, 'Coverage of the syllabus.'),
(6, 'Motivating the students towards better subject understanding.'),
(7, 'Maintenance of discipline in the class.'),
(8, 'Availability in the department for discussion.'),
(9, 'Clearing doubts inside/ outside class.'),
(10, 'Internal Assessment question paper and conducting.'),
(11, 'Valuation of Internal Assessment answer books.'),
(12, 'Discussion on Internal Assessment questions.'),
(13, 'Stimulating nature of Assignments and Quiz.'),
(14, 'Level of interest taken in the classes.'),
(15, 'General relationship with the students.');

-- --------------------------------------------------------

--
-- Table structure for table `members`
--

CREATE TABLE IF NOT EXISTS `members` (
  `username` varchar(255) NOT NULL,
  `password` varchar(255) NOT NULL
) ENGINE=InnoDB DEFAULT CHARSET=latin1;

--
-- Dumping data for table `members`
--

INSERT INTO `members` (`username`, `password`) VALUES
('admin', '*2470C0C06DEE42FD1618BB99005ADCA2EC9D1E19'),
('4GH10ME001', 'LMxwVD'),
('4GH10ME002', 'rHNhgT'),
('4GH10ME003', 'FpwH7A'),
('4GH10ME004', 'APkRxw'),
('4GH10ME005', '2JgwAC'),
('4GH10ME006', 'X72C6v'),
('4GH10ME007', 'hzYXRK'),
('4GH10ME008', 'dCzThX'),
('4GH10ME009', 'cxFQCq'),
('4GH10ME010', 'gnmXBR'),
('4GH10ME011', 'JH7FQ9'),
('4GH10ME012', 'YKXN47'),
('4GH10ME013', 'G2v6nw'),
('4GH10ME014', 'b9B4jw'),
('4GH10ME015', 'BQzgt9'),
('4GH10ME016', 'mCzjhv'),
('4GH10ME017', 'LznYtb'),
('4GH10ME018', '3NDjkX'),
('4GH10ME019', 'JQnMg4'),
('4GH10ME020', 'rbXcMm'),
('4GH10ME021', 'HJGh4y'),
('4GH10ME022', 'FHvn2c'),
('4GH10ME023', '3nf2NC'),
('4GH10ME024', '8DfPmL'),
('4GH10ME025', 'WXfhYw'),
('4GH10ME026', 'LMpQB3'),
('4GH10ME027', 'DP2VTJ'),
('4GH10ME028', 'b2CgWQ'),
('4GH10ME029', 'wAHbTM'),
('4GH10ME030', 'yjPbnD'),
('4GH10ME031', 'hJ6wqn'),
('4GH10ME032', 'Dtgxzh'),
('4GH10ME033', 'MP4DKq'),
('4GH10ME034', 'LpyNfd'),
('4GH10ME035', 'vfgxHd'),
('4GH10ME036', 'wYGnxL'),
('4GH10ME037', 'rJQWGz'),
('4GH10ME039', 'H8rXhp'),
('4GH10ME040', 'YvGKyw'),
('4GH10ME041', 'gqnBdt'),
('4GH10ME042', 'AN4Lnd'),
('4GH10ME043', 'ph3NXj'),
('4GH10ME044', 'cF9Nft'),
('4GH10ME045', 'A3hkwT'),
('4GH10ME046', 'NyCF2g'),
('4GH10ME047', 'GzBhJ6'),
('4GH10ME048', 'hBHMAV'),
('4GH10ME049', 'YRqt9X'),
('4GH10ME050', 'qnPrYQ'),
('4GH10ME051', 'dhYjDv'),
('4GH10ME052', 'GBfz8N'),
('4GH10ME053', 'v7zCgM'),
('4GH10ME054', 'qB9GDT'),
('4GH10ME055', 'jTY8Nn'),
('4GH10ME056', '9jyRVv'),
('4GH10ME057', 'BgDNK2'),
('4GH10ME058', 'Hfr9cd'),
('4GH10ME059', 'yHf3wA'),
('4GH10ME060', 'Kt68AW'),
('4GH09ME050', 'mJGYBP'),
('4GH11ME400', 'xgjtf8'),
('4GH11ME401', 'VnKB8r'),
('4GH11ME402', 'hc43BL'),
('4GH11ME403', 'bWMn7N'),
('4GH11ME404', '9G2gHD'),
('4GH11ME405', 'VBcX9H'),
('4GH11ME406', 'wPfLGW'),
('4GH11ME407', 'MhtHd3'),
('4GH11ME408', '6JRc9h'),
('4GH11ME409', 'tGR3T2'),
('4GH11ME410', 'dBX2Hp'),
('4GH11ME411', 'mTxR8W'),
('4GH07ME024', '2xzpQ8'),
('4GH07ME032', 'THPxCD'),
('4GH07ME046', 'VFgBtx'),
('4GH07ME049', 'HW9Pkv'),
('4GH08ME002', 'LbtQ7v'),
('4GH08ME003', '7RXCh4'),
('4GH08ME010', 'WkF2v9'),
('4GH08ME012', 'Q2TM9Y'),
('4GH08ME030', 'Qfx7Lc'),
('4GH08ME043', 'TKGAwL'),
('4GH09ME001', 'Yvqnp2'),
('4GH09ME002', 'CBKDYF'),
('4GH09ME003', 'VkLxqY'),
('4GH09ME004', 'FqvkCj'),
('4GH09ME005', 'V6Qw8c'),
('4GH09ME006', 'BfKQMP'),
('4GH09ME007', '2CrJ7k'),
('4GH09ME008', 'qzMjNF'),
('4GH09ME010', '8Tmytg'),
('4GH09ME011', 'MdHkD9'),
('4GH09ME012', 'zN4L2M'),
('4GH09ME013', 'X6GKAb'),
('4GH09ME014', 'dPJA3p'),
('4GH09ME016', 'Bh6WyR'),
('4GH09ME017', 'kCL8Rb'),
('4GH09ME018', 'hx9fL4'),
('4GH09ME019', 'L34h6z'),
('4GH09ME020', 'w9TKqM'),
('4GH09ME022', 'NVMF92'),
('4GH09ME023', 'Lt7MyR'),
('4GH09ME024', 'y7kXnq'),
('4GH09ME025', 'dcmfH7'),
('4GH09ME026', '7AgxnH'),
('4GH09ME027', 'CkqcHw'),
('4GH09ME028', 'xz8jw6'),
('4GH09ME029', 'zmNWBx'),
('4GH09ME030', 'fQ7W89'),
('4GH09ME031', 'GnVPTX'),
('4GH09ME033', 'GrnRbm'),
('4GH09ME035', 'CAX3Hh'),
('4GH09ME036', 'HPMqjp'),
('4GH09ME037', 'LRv8Wp'),
('4GH09ME038', 'gx9cnG'),
('4GH09ME039', 'PW2yQh'),
('4GH09ME043', 'TkWpqB'),
('4GH09ME045', 'jRkLA9'),
('4GH09ME046', 'zj8xW6'),
('4GH09ME048', 'PAgLNK'),
('4GH09ME049', 'N4BFmT'),
('4GH09ME051', 'KQcJGy'),
('4GH09ME052', 'CLnrpV'),
('4GH09ME053', 'JNBzqt'),
('4GH09ME054', 'mVfWRj'),
('4GH09ME056', 'mBjQ3n'),
('4GH09ME057', 'F9qNkp'),
('4GH09ME058', 'KRyHmk'),
('4GH09ME059', 'wmLpHq'),
('4GH09ME060', 'WVvfzP'),
('4GH10ME400', 'ptwCRD'),
('4GH10ME401', 'XCkLn4'),
('4GH10ME402', 'yVjC2D'),
('4GH10ME403', 'mxXq3C'),
('4GH10ME404', '2PJA7F'),
('4GH10ME405', 'FpwT8y'),
('4GH10ME406', 'QrBWbj'),
('4GH10ME407', 'h6HBq8'),
('4GH07ME059', 'JWLYQ6'),
('4GH07ME009', 'Hqc32J'),
('4GH07ME010', 'jXhWJr'),
('4GH07ME023', 'gnDHLP'),
('4GH07ME030', 'vkP9FG'),
('4GH07ME031', 'G63d4j'),
('4GH07ME039', 'RBjkcK'),
('4GH07ME055', 'rTybn2'),
('4GH07ME058', 'c2nXwY'),
('4GH08ME001', 'M8Xhdz'),
('4GH08ME004', 'FXjwk3'),
('4GH08ME005', 'vCzgkM'),
('4GH08ME007', 'hQHN9K'),
('4GH08ME008', '9bYFGK'),
('4GH08ME009', 'z9vHA7'),
('4GH08ME011', 'nv8B9H'),
('4GH08ME014', 'AtTfWM'),
('4GH08ME015', '2BXfjh'),
('4GH08ME016', '98LrHP'),
('4GH08ME017', 'fG3pbk'),
('4GH08ME018', '2kyQYq'),
('4GH08ME019', 'rdC4xv'),
('4GH08ME020', 'CYP72Q'),
('4GH08ME021', 'vrn7bR'),
('4GH08ME022', 'cJLFHw'),
('4GH08ME023', 'fYRyBm'),
('4GH08ME024', 'J92Hcm'),
('4GH08ME026', 'DC3QzT'),
('4GH08ME028', 'fNMAcJ'),
('4GH08ME029', 'jJMF4k'),
('4GH08ME031', 'L2z8fc'),
('4GH08ME032', 'mTyYWB'),
('4GH08ME033', 'ThcnWx'),
('4GH08ME034', 'HQD2yW'),
('4GH08ME035', 'rh7GD9'),
('4GH08ME036', 'C4DWw2'),
('4GH08ME037', 'bM9NK8'),
('4GH08ME038', '4npLWy'),
('4GH08ME039', 'TK98jX'),
('4GH08ME040', '8RJD6z'),
('4GH08ME041', 'RMwY93'),
('4GH08ME044', '9bHWGd'),
('4GH08ME045', 'LVKMkT'),
('4GH08ME046', 'MvFHrA'),
('4GH08ME048', 'GFHvPc'),
('4GH08ME049', 'fvdABz'),
('4GH08ME050', '348Xmk'),
('4GH08ME052', 'jfQPWx'),
('4GH08ME053', 'MGCtBL'),
('4GH08ME054', 'PbG9gz'),
('4GH08ME055', 'npVm8J'),
('4GH08ME056', 'BGqvF4'),
('4GH08ME057', 'Hnr7dc'),
('4GH08ME058', 'kmjWMz'),
('4GH08ME059', '7zxHdY'),
('4GH08ME060', 'bBx7KG'),
('4GH08ME401', 'FJtB6V'),
('4GH09ME401', '43Mr6c'),
('4GH09ME402', '7AxzNF'),
('4GH09ME403', 'b8gVRc'),
('4GH09ME404', 'DgWjAz'),
('4GH09ME406', 'Fg9LRx'),
('4GH09ME407', '94WfLY'),
('4GH09ME408', 'n6hxrB'),
('4GH09ME409', '3BFRXN'),
('4GH09ME410', '94GzfY'),
('4GH10CV001', 'Qz2ABN'),
('4GH10CV002', 'cvMD7C'),
('4GH10CV003', 'nzdGjH'),
('4GH10CV004', 'QHBnvM'),
('4GH10CV005', '24jGKX'),
('4GH10CV006', 'j2mPLC'),
('4GH10CV007', 'qv6RkC'),
('4GH10CV008', 'yqXfbP'),
('4GH10CV009', 'X2rymT'),
('4GH10CV010', 'y64CNL'),
('4GH10CV011', 'tqPpLD'),
('4GH10CV012', '9WvqNV'),
('4GH10CV013', 'HRQfnV'),
('4GH10CV014', '8tc7TG'),
('4GH10CV015', 'A9vPnX'),
('4GH10CV016', 'QXmGbc'),
('4GH10CV017', 'A4GXgN'),
('4GH10CV018', '2Kw7qH'),
('4GH10CV019', 'Fk4t7h'),
('4GH10CV020', 'mf3wx9'),
('4GH10CV021', 'A6xLzb'),
('4GH10CV022', 'bFkANG'),
('4GH10CV023', 'hD9rWR'),
('4GH10CV024', 'Cztbw8'),
('4GH10CV025', 'jnDQ26'),
('4GH10CV026', '6LgpDn'),
('4GH10CV027', '8kFMTP'),
('4GH10CV028', 'V8wdpB'),
('4GH10CV029', '2yCLbG'),
('4GH10CV030', 'vj8qft'),
('4GH10CV031', 'Bcnbh7'),
('4GH10CV032', 'd4vLBq'),
('4GH10CV033', 'CzqK3A'),
('4GH10CV034', 'rRXfQG'),
('4GH10CV035', 'j8GhgR'),
('4GH10CV036', 'FpRnPr'),
('4GH10CV037', 'fmPTFx'),
('4GH10CV038', 'b2xmcg'),
('4GH10CV039', 'zWDkVb'),
('4GH10CV041', 'mPjJrK'),
('4GH10CV042', 'Gj2xdJ'),
('4GH10CV043', '4tC6wF'),
('4GH10CV044', 'zCPvFq'),
('4GH10CV045', 'yfQWJb'),
('4GH10CV046', '2DPKLm'),
('4GH10CV047', 'TYdC9p'),
('4GH10CV048', 'VdWzwx'),
('4GH10CV049', 'R9kpTy'),
('4GH10CV051', 'yD8WYd'),
('4GH10CV052', 'BfPLdR'),
('4GH10CV053', 'HxtDhm'),
('4GH10CV054', 'myTMHw'),
('4GH10CV055', 'QVLwY8'),
('4GH10CV056', 'vxrARt'),
('4GH10CV057', 'gkK6Cj'),
('4GH10CV058', 'WH9vN4'),
('4GH09CV004', 'vGmnMH'),
('4GH09CV014', 'jrWvV8'),
('4GH09CV015', 'wC6kTd'),
('4GH09CV021', 'RD4pJq'),
('4GH09CV028', 'TXKFzJ'),
('4GH11CV400', 'AgDxtL'),
('4GH11CV401', 'YTRnq2'),
('4GH11CV402', '6RwnzF'),
('4GH11CV403', 't2CHPq'),
('4GH11CV404', 't2TQ8J'),
('4GH11CV405', 'FxK9Vj'),
('4GH11CV406', 'vNhyD6'),
('4GH11CV407', '4W2wLC'),
('4GH11CV408', '2DYwfL'),
('4GH11CV409', 'cJ8H9W'),
('4GH11CV410', 'M6VjFJ'),
('4GH11CV411', 'fzh4Yg'),
('4GH07CV056', 'TYBp6k'),
('4GH09CV001', 'G3mKD2'),
('4GH09CV002', 'K2HYLJ'),
('4GH09CV003', 'TJ2dRV'),
('4GH09CV005', 'Mr3yYb'),
('4GH09CV006', 'CfyVX8'),
('4GH09CV007', 'vfRrhg'),
('4GH09CV008', 'WvgXkM'),
('4GH09CV009', 'XtPDKc'),
('4GH09CV010', 'L7NPjd'),
('4GH09CV011', 'WY7kMh'),
('4GH09CV012', 'L7rzTj'),
('4GH09CV013', '8Hjcxt'),
('4GH09CV016', '8jYVkR'),
('4GH09CV017', '27rDgt'),
('4GH09CV018', 'vQVtXf'),
('4GH09CV019', 'FX2QTt'),
('4GH09CV020', 'PX2j7v'),
('4GH09CV022', 'wxPDzp'),
('4GH09CV023', 'Thp47P'),
('4GH09CV024', 'bvQ9CR'),
('4GH09CV025', 'FMNHwr'),
('4GH09CV026', '9pjDC7'),
('4GH09CV027', 'wM4NdQ'),
('4GH09CV029', 'CVR2BN'),
('4GH09CV030', 'nAzKcB'),
('4GH09CV031', 'XtGAM8'),
('4GH09CV032', 'BfyDhX'),
('4GH09CV033', 'tnhVDx'),
('4GH09CV034', 'Ht9VYT'),
('4GH09CV035', '4Fx8P7'),
('4GH09CV036', 'wVm8cG'),
('4GH09CV037', 'MmF3Qb'),
('4GH09CV038', 'qvYXW2'),
('4GH09CV039', 'Tzr9hn'),
('4GH09CV040', 'Qc9MGj'),
('4GH09CV041', 't4QYVL'),
('4GH09CV042', 'HdQKgB'),
('4GH09CV043', 'R3JXDw'),
('4GH09CV044', '4f7Dxy'),
('4GH09CV045', 'hwYybc'),
('4GH09CV046', 'nkxt38'),
('4GH09CV047', 'L2qXnv'),
('4GH09CV048', 'fNpmrq'),
('4GH09CV049', 'jwgAGJ'),
('4GH09CV050', 'GRrHk8'),
('4GH09CV051', 'wH3jdJ'),
('4GH09CV052', 'bfX2dW'),
('4GH09CV053', 'DmxzRf'),
('4GH09CV055', 'kAzmBQ'),
('4GH09CV057', 'T9mfVG'),
('4GH09CV058', 'X8VCRx'),
('4GH09CV059', 'HAx6Lw'),
('4GH09CV060', 'vbAMzd'),
('4GH09CV061', 'DAdwKJ'),
('4GH08CV020', 'z6Yrkh'),
('4GH08CV026', 'QrjBCA'),
('4GH08CV027', 'JbRBXP'),
('4GH10CV400', 'dBF4ML'),
('4GH10CV401', 'yBfLkw'),
('4GH10CV402', 'nmc69B'),
('4GH10CV403', 'VkqYRA'),
('4GH10CV404', 'wqH2Q9'),
('4GH10CV405', 'GAJDpN'),
('4GH08CV009', '8CwKXP'),
('4GH08CV049', 'Dv3kqr'),
('4GH08CV059', 'Njv69G'),
('4GH07CV010', 'tkbLdx'),
('4GH07CV026', 'tmkq63'),
('4GH07CV029', 'npmG3w'),
('4GH07CV034', 'fK6VG9'),
('4GH07CV038', 'xCcqR2'),
('4GH07CV043', 'P8jHpg'),
('4GH07CV055', 'w7xYtV'),
('4GH07CV059', 'jHYVQM'),
('4GH07CV060', 'qkpzmB'),
('4GH07CV061', 'BJhgnc'),
('4GH08CV001', 'XTf36z'),
('4GH08CV002', 'Qmfp3T'),
('4GH08CV003', 'f6Vx93'),
('4GH08CV004', 'pFdxXP'),
('4GH08CV005', 'r8m7KC'),
('4GH08CV006', '67C98J'),
('4GH08CV007', 'rPLf9M'),
('4GH08CV008', 'YDvqMd'),
('4GH08CV010', '869fx7'),
('4GH08CV011', 'JqWg6R'),
('4GH08CV012', 'QYWNJw'),
('4GH08CV013', 'Bnpdcq'),
('4GH08CV014', '8TXnqN'),
('4GH08CV015', 'fHXPGt'),
('4GH08CV016', '2zjKkP'),
('4GH08CV017', 'V6fPGN'),
('4GH08CV018', 'HCw2V8'),
('4GH08CV019', 'LGJmCk'),
('4GH08CV021', 'cqQH7r'),
('4GH08CV022', 'RnYhkX'),
('4GH08CV023', 'CbKAm9'),
('4GH08CV024', 'Cpx8cd'),
('4GH08CV025', 'byXp3Q'),
('4GH08CV030', 'MhBwVm'),
('4GH08CV032', 'FyvcAd'),
('4GH08CV033', '2qQwh4'),
('4GH08CV034', 'dDc67j'),
('4GH08CV035', 'AYMRVQ'),
('4GH08CV036', 'w3YTFk'),
('4GH08CV037', 'BqgC7K'),
('4GH08CV038', 'Dvj2Km'),
('4GH08CV039', 'cDPBdb'),
('4GH08CV040', 'bx8jmt'),
('4GH08CV041', '9QGFXf'),
('4GH08CV042', 'XTx4n6'),
('4GH08CV043', 'njFHby'),
('4GH08CV044', 'DLB97Y'),
('4GH08CV045', 'q2YCFj'),
('4GH08CV046', 'Mtn4z6'),
('4GH08CV047', 'FhNXH6'),
('4GH08CV048', 'BAQJ3Y'),
('4GH08CV050', 'RpFD9J'),
('4GH08CV051', '3pzjLC'),
('4GH08CV052', 'bymkYK'),
('4GH08CV053', 'MLQDCG'),
('4GH08CV054', 'GCKQxh'),
('4GH08CV055', 'DJcydK'),
('4GH08CV056', 'Yw3TM9'),
('4GH08CV057', 'K2ht3J'),
('4GH08CV058', 'Mvqn4w'),
('4GH08CV060', 'XjwmGx'),
('4GH08CV061', '2jfmGW'),
('4GH08CV400', 'j9gNPp'),
('4GH09CV400', '2mHCpn'),
('4GH09CV401', 'V7WK3g'),
('4GH09CV402', 'pH4Y3w'),
('4GH09CV403', 'tB7RFw'),
('4GH09CV404', 'WLFPnw'),
('4GH09CV405', 'q93BJw'),
('4GH09CV406', 'NBpQhw'),
('4GH09CV407', '2YH36g'),
('4GH09CV408', 'KqVBY2'),
('4GH10EC001', 'QLvhpj'),
('4GH10EC002', 'mp3dcL'),
('4GH10EC003', 'pChmTR'),
('4GH10EC004', 'VbJp2P'),
('4GH10EC005', 'mhGnvV'),
('4GH10EC006', '7K2F4g'),
('4GH10EC007', 'BtNpTb'),
('4GH10EC008', '7bFGdR'),
('4GH10EC009', 'TPvhbk'),
('4GH10EC010', 'k37vFw'),
('4GH10EC011', 'DAVxnr'),
('4GH10EC012', 'pNJ2hd'),
('4GH10EC013', '6zcwg9'),
('4GH10EC014', 'bMhjA7'),
('4GH10EC015', 'NK9m4M'),
('4GH10EC016', 'TjzKNW'),
('4GH10EC017', 'hCgYVJ'),
('4GH10EC018', 'QYcbkR'),
('4GH10EC019', 'PbvBA7'),
('4GH10EC020', 'wQVD2J'),
('4GH10EC021', 'yt8mqY'),
('4GH10EC022', 'fjCP8x'),
('4GH10EC023', 'bX6YVK'),
('4GH10EC024', 'fWydgV'),
('4GH10EC025', 'B29pFt'),
('4GH10EC026', 'A9vHqG'),
('4GH10EC027', 'd8jFNV'),
('4GH10EC028', 'FXHC4P'),
('4GH10EC029', 'CyY7nF'),
('4GH10EC030', 'Y8mfDr'),
('4GH10EC031', 'TpNz8F'),
('4GH10EC032', 'vARg34'),
('4GH10EC033', '4TzXfc'),
('4GH10EC034', 'YGnxbK'),
('4GH10EC035', 'B94fYq'),
('4GH10EC036', 'QCh4gr'),
('4GH10EC037', 'DCwfmH'),
('4GH10EC038', '2mp9W4'),
('4GH10EC039', 'GcB3Rb'),
('4GH10EC040', 'mYX6zh'),
('4GH10EC041', 'zxfbHN'),
('4GH10EC042', 'v6rWLT'),
('4GH10EC043', 'VyxRnB'),
('4GH10EC044', '3RvHAk'),
('4GH10EC045', 'PyvFd9'),
('4GH10EC046', 'dr7TBA'),
('4GH10EC047', 'YGfqXQ'),
('4GH10EC048', 'jD4n6c'),
('4GH10EC049', 'y68VrT'),
('4GH10EC050', 'fzvGFb'),
('4GH10EC051', 'T2Kcrh'),
('4GH10EC052', '63jWyz'),
('4GH10EC053', 'vnNgHd'),
('4GH10EC054', '2gk9vj'),
('4GH10EC055', 'gC4WMk'),
('4GH10EC056', 'm4L6b3'),
('4GH10EC057', 'tzTmxd'),
('4GH10EC058', 'P7G46v'),
('4GH10EC059', 'Rk6T3C'),
('4GH10EC060', 'wJdg6B'),
('4GH09EC063', 'R37tFy'),
('4GH11EC400', 'rNDjJd'),
('4GH11EC401', 'JC8THG'),
('4GH11EC402', 'AFkcV4'),
('4GH11EC403', 'KxCLt7'),
('4GH11EC404', 'JnAzQh'),
('4GH11EC405', 'v6RQ9q'),
('4GH11EC406', '8xqTKr'),
('4GH11EC407', 'XfpdVJ'),
('4GH11EC408', 'BTyMGV'),
('4GH11EC409', 'MwyVj9'),
('4GH11EC410', 'JjDGPF'),
('4GH11EC411', '7hVYBT'),
('4GH09EC001', 'hBDwbx'),
('4GH09EC002', 'PfFHYw'),
('4GH09EC003', 'A4f7bK'),
('4GH09EC004', 'L2rzR7'),
('4GH09EC005', 'DY8NK4'),
('4GH09EC006', 'j7vL6x'),
('4GH09EC007', 'qz6htg'),
('4GH09EC008', 'bCwKAp'),
('4GH09EC009', 'pXY46W'),
('4GH09EC010', '3TpQAB'),
('4GH09EC012', 'VH3DQB'),
('4GH09EC013', '8N7VzT'),
('4GH09EC014', 'mt4pRA'),
('4GH09EC015', 'LmYb2y'),
('4GH09EC016', 'CGTQvp'),
('4GH09EC017', 'DyAYQg'),
('4GH09EC018', 'HVP2L4'),
('4GH09EC020', 'TLbfmq'),
('4GH09EC021', 'JhCQ9z'),
('4GH09EC022', 'fcyjYm'),
('4GH09EC023', 'jpRwMT'),
('4GH09EC024', 'wFtJDn'),
('4GH09EC025', 'Kb9Fy3'),
('4GH09EC026', 'T3PYrg'),
('4GH09EC027', 'dTfjpN'),
('4GH09EC028', 'JMCdrF'),
('4GH09EC030', '3XKnFz'),
('4GH09EC031', 'X9xPbL'),
('4GH09EC032', 'pKGDmb'),
('4GH09EC033', 'q2wx3Y'),
('4GH09EC034', 'r7WDNm'),
('4GH09EC035', 'w4LW8Y'),
('4GH09EC036', 'k8tv4R'),
('4GH09EC037', '9GkjqN'),
('4GH09EC038', '3zhDyL'),
('4GH09EC039', '6yhTtx'),
('4GH09EC040', 'LFzMNV'),
('4GH09EC041', 'rq2jx7'),
('4GH09EC042', 'rg7kAK'),
('4GH09EC044', '6J934q'),
('4GH09EC045', '9FmxYf'),
('4GH09EC046', '6Dv7Vf'),
('4GH09EC047', 'pr38wX'),
('4GH09EC048', 'BybxGH'),
('4GH09EC049', '8wAh62'),
('4GH09EC050', 'qjdPbz'),
('4GH09EC051', 'HhA9DG'),
('4GH09EC052', 'q6jKNw'),
('4GH09EC054', '4ARqwV'),
('4GH09EC055', '6Qxb8G'),
('4GH09EC056', 'fhC4wX'),
('4GH09EC057', 'yNvKBT'),
('4GH09EC058', 'MkArcD'),
('4GH09EC059', 'QGTLNK'),
('4GH09EC060', 'bR9qDr'),
('4GH09EC061', 'McLmRT'),
('4GH09EC062', '3Tn2tB'),
('4GH09EC402', '86FQAf'),
('4GH10EC400', 'bdcnV7'),
('4GH10EC401', 'PGBQFb'),
('4GH10EC402', '8rHXzD'),
('4GH10EC403', 'v4ktn7'),
('4GH10EC404', 'Nw6Ffg'),
('4GH10EC405', 'G7h2JV'),
('4GH10EC406', 'cgMAqC'),
('4GH10EC407', 'rMpjYz'),
('4GH08EC001', 'Tjmx3r'),
('4GH08EC006', 'Mxq8CF'),
('4GH08EC017', '2NFLwX'),
('4GH08EC024', 'GR7ckh'),
('4GH08EC027', 'k28T6P'),
('4GH08EC043', 'QVBAKF'),
('4GH08EC044', '9TJrFv'),
('4GH07EC011', 'cxKVMX'),
('4GH07EC023', 'M7gGc2'),
('4GH07EC024', 'KLkdQJ'),
('4GH07EC031', 'RjcKVW'),
('4GH07EC033', 'BXbKfy'),
('4GH07EC065', 'R93YyD'),
('4GH07EC067', 'CmqATg'),
('4GH08EC002', 'Hqgt3r'),
('4GH08EC003', 'yxBvQ7'),
('4GH08EC004', 'yrCjdJ'),
('4GH08EC005', 'j4JXkL'),
('4GH08EC007', 'YW74K8'),
('4GH08EC008', 'LbryVM'),
('4GH08EC009', 'bXVLGr'),
('4GH08EC010', 'pDMFB8'),
('4GH08EC011', 'YHVJ2g'),
('4GH08EC012', '7dY8Pb'),
('4GH08EC013', '9pYMJz'),
('4GH08EC014', 'Jt3pKX'),
('4GH08EC015', 'JAjhqF'),
('4GH08EC016', 'NGAwDW'),
('4GH08EC018', 'MFKY6Q'),
('4GH08EC020', 'hxgFbL'),
('4GH08EC021', 'kLtCfV'),
('4GH08EC022', '8BVbLp'),
('4GH08EC023', 'yrKpcM'),
('4GH08EC025', 'WMkG9L'),
('4GH08EC026', '6VnD9W'),
('4GH08EC028', 'Xtbyqh'),
('4GH08EC029', 'Y4gJwC'),
('4GH08EC030', 'JY3R6K'),
('4GH08EC031', 'WtThxb'),
('4GH08EC032', 'kfJPgx'),
('4GH08EC033', 'wnqygv'),
('4GH08EC034', 'KgxzMY'),
('4GH08EC035', 'qWjDNB'),
('4GH08EC036', 't6P28j'),
('4GH08EC037', 'Dhzdgp'),
('4GH08EC038', 'zHmyXx'),
('4GH08EC039', 'CD49R2'),
('4GH08EC040', '9P6Q3d'),
('4GH08EC041', 'dXGPkc'),
('4GH08EC045', 'CQmvYV'),
('4GH08EC046', '6wd9MT'),
('4GH08EC047', 'Nw6Wy8'),
('4GH08EC048', '6m9XfV'),
('4GH08EC049', 'z2tYnR'),
('4GH08EC051', 'vnrY8z'),
('4GH08EC052', 'WhHNYD'),
('4GH08EC053', 'XHngmG'),
('4GH08EC054', '4PCW8t'),
('4GH08EC055', '2FHBCQ'),
('4GH08EC056', 'gVz7Ry'),
('4GH08EC057', 'Q9RYHK'),
('4GH08EC058', 'NKRcnA'),
('4GH08EC059', 'QzDkfG'),
('4GH08EC060', 'TBPGkx'),
('4GH09EC400', 'ALTM2B'),
('4GH09EC401', 'nLQdXD'),
('4GH09EC403', 'd9WAwj'),
('4GH09EC409', 'T3AkXW'),
('4GH10CS001', 'n2zNT8'),
('4GH10CS002', 'ytYr7m'),
('4GH10CS004', '8A9r4q'),
('4GH10CS005', 'KGv68w'),
('4GH10CS006', 'HY37dt'),
('4GH10CS007', '7HzWvh'),
('4GH10CS008', 'q7FKyx'),
('4GH10CS009', 'AdYm24'),
('4GH10CS011', 'KGjkgm'),
('4GH10CS012', 'rPqJbM'),
('4GH10CS013', 'kvRpYQ'),
('4GH10CS014', 'P3wAKT'),
('4GH10CS015', 'V7QWNT'),
('4GH10CS016', 'xfYzBt'),
('4GH10CS017', '4zqAPk'),
('4GH10CS018', '9yPQqm'),
('4GH10CS019', 'px2M6A'),
('4GH10CS020', 'rcfYy7'),
('4GH10CS021', 'ygJw2W'),
('4GH10CS022', 'KBQWYA'),
('4GH10CS023', 'tx7FJ6'),
('4GH10CS024', 'Ly6NJg'),
('4GH10CS025', 'YhFKtj'),
('4GH10CS026', 'CKyRtz'),
('4GH10CS027', 'fckzm3'),
('4GH10CS028', 'HxRzJ8'),
('4GH10CS029', 'hMd4zH'),
('4GH10CS030', 'wd76y4'),
('4GH10CS031', 'k7wyvT'),
('4GH10CS032', 'VtYB9c'),
('4GH10CS033', '4Dh8VR'),
('4GH10CS034', 'dCv3qP'),
('4GH10CS035', 'vcx9H3'),
('4GH10CS036', 'vMTztY'),
('4GH10CS037', 'zJhvm2'),
('4GH10CS038', 'yJDg8K'),
('4GH10CS039', 'MqALRT'),
('4GH10CS040', 'CFNLgd'),
('4GH10CS041', 'pjLyYb'),
('4GH10CS042', 'Y6y9zj'),
('4GH10CS043', 'hQkFfA'),
('4GH10CS044', '7wFNyc'),
('4GH10CS045', 'xqCLP9'),
('4GH10CS046', 'rVWkgn'),
('4GH10CS047', 'pgjy9D'),
('4GH10CS048', 'tPLqd4'),
('4GH10CS049', 'qCtw6m'),
('4GH10CS050', 'dpKBcH'),
('4GH10CS051', 'QgD4dR'),
('4GH10CS052', 'whQGTP'),
('4GH10CS053', 'rf7BxH'),
('4GH10CS054', 'MgTkhG'),
('4GH10CS055', 'KjqV8x'),
('4GH10CS056', 'cmD4kM'),
('4GH10CS057', 'tyLH34'),
('4GH10CS058', 'nMCAvg'),
('4GH10CS059', 'yQxwhd'),
('4GH10CS060', 'NbT9Jx'),
('4GH08CS053', 'rJXDkf'),
('4GH09CS011', 'jYw7fT'),
('4GH09CS043', 'jmpWFw'),
('4GH11CS400', 'ryAP4H'),
('4GH11CS401', 'LzrfbT'),
('4GH11CS402', '46PwTg'),
('4GH11CS403', 'hwJBmY'),
('4GH11CS404', '2JW9jC'),
('4GH11CS405', 'ckv7pW'),
('4GH11CS406', 'bJNKYV'),
('4GH11CS407', 'tfFjGr'),
('4GH11CS408', 'yYdNrM'),
('4GH11CS409', 'GxjNVw'),
('4GH11CS410', 'tjRnqz'),
('4GH07CS062', 'JBGDLP'),
('4GH09CS001', 'GcwhHq'),
('4GH09CS002', 'YJHWbg'),
('4GH09CS003', 'JAWc2C'),
('4GH09CS004', 'pYNynD'),
('4GH09CS005', 'fQD34v'),
('4GH09CS007', 'g9bnYR'),
('4GH09CS008', 'mb8TW3'),
('4GH09CS009', '7rzq9K'),
('4GH09CS010', 'nFhbBK'),
('4GH09CS012', '926jtF'),
('4GH09CS013', 'FAYzJb'),
('4GH09CS014', 'hRrqmx'),
('4GH09CS015', 'XLp8fB'),
('4GH09CS017', 'xQDLcW'),
('4GH09CS018', 'CHWKTP'),
('4GH09CS019', 'v7RChb'),
('4GH09CS020', 'qvLdfm'),
('4GH09CS022', 'NRYT8D'),
('4GH09CS024', 'FDm9gN'),
('4GH09CS025', 'gpGJzd'),
('4GH09CS026', '7X9DtJ'),
('4GH09CS028', 'KFW7mX'),
('4GH09CS029', 'GdzKFW'),
('4GH09CS030', 'grtRkG'),
('4GH09CS032', 'WcPNrG'),
('4GH09CS033', '6kFHRy'),
('4GH09CS034', 'cxB2hV'),
('4GH09CS035', '8jxCvH'),
('4GH09CS036', 'xyJwzR'),
('4GH09CS037', 'gbAFcR'),
('4GH09CS038', '4DfdMp'),
('4GH09CS039', 'NxHXy6'),
('4GH09CS041', 'kQ7V4F'),
('4GH09CS042', 'dArHQ8'),
('4GH09CS046', 'cGjpXv'),
('4GH09CS047', 'Wk2qcK'),
('4GH09CS048', 'zmVBdG'),
('4GH09CS049', 'QmHXpy'),
('4GH09CS051', '4KdnHY'),
('4GH09CS052', '7Wnf38'),
('4GH09CS053', 'G6J3LA'),
('4GH09CS054', 'tG47mj'),
('4GH09CS055', 'jDbPnq'),
('4GH09CS056', 'XyfD8q'),
('4GH09CS057', 'Mxvbnq'),
('4GH08CS003', 'P8A2TW'),
('4GH08CS011', 'TtkYK2'),
('4GH08CS037', 'cLKrjw'),
('4GH08CS055', 'ft6JVB'),
('4GH08CS060', 'XB4J78'),
('4GH10CS400', 'jk8HMB'),
('4GH10CS401', '6yKqgW'),
('4GH10CS402', 'n24pAK'),
('4GH10CS403', 'Nq9npV'),
('4GH10CS404', 'dXGtAp'),
('4GH10CS405', 'pQ9MqL'),
('4GH10CS406', 'XmHkc3'),
('4GH10CS407', '2V6rYQ'),
('4GH10CS408', '7AKFzt'),
('4GH10CS409', 'AQ3YxR'),
('4GH07CS037', 'r9pvnQ'),
('4GH07CS052', 'RYXP6q'),
('4GH07CS057', 'drNxtG'),
('4GH07CS058', 'tngHFA'),
('4GH07CS061', 'pgkNMm'),
('4GH07CS069', 'PTJDFp'),
('4GH07CS071', 'wADQ8X'),
('4GH08CS001', 'KhBqgD'),
('4GH08CS002', 'LDwnGf'),
('4GH08CS004', 'QVjK9Y'),
('4GH08CS005', 'AypMK3'),
('4GH08CS006', 'c6VMjv'),
('4GH08CS007', 'DgBmyq'),
('4GH08CS008', 'zQRCyr'),
('4GH08CS010', '7fvPct'),
('4GH08CS013', 'f37pA4'),
('4GH08CS014', '9y7KYj'),
('4GH08CS015', 'nTc2JH'),
('4GH08CS016', '8HC64T'),
('4GH08CS017', 'rfthRW'),
('4GH08CS018', 'XQ6YGF'),
('4GH08CS019', '7hCy48'),
('4GH08CS021', 'zDByvV'),
('4GH08CS023', 'DBfbpw'),
('4GH08CS024', '9W6gwR'),
('4GH08CS025', '9TmnjH'),
('4GH08CS026', 'bRQhkL'),
('4GH08CS027', 'GVp34N'),
('4GH08CS030', 'XNT47q'),
('4GH08CS031', 'FBdQxg'),
('4GH08CS032', '8FD2tL'),
('4GH08CS033', 'p6tvMg'),
('4GH08CS034', '9DyT2j'),
('4GH08CS035', 'FBbj92'),
('4GH08CS036', 'AJPWwv'),
('4GH08CS039', 'LdcQNJ'),
('4GH08CS040', 'YRmQNt'),
('4GH08CS041', 'gYNJpr'),
('4GH08CS042', 'Hkhbx4'),
('4GH08CS043', 'C4rDQH'),
('4GH08CS044', 'DkMjTh'),
('4GH08CS045', 'A982qv'),
('4GH08CS046', 'Ak4XB9'),
('4GH08CS047', 'tJzhYC'),
('4GH08CS048', 'cTnKCm'),
('4GH08CS049', 'T2WwBk'),
('4GH08CS050', 'D8VBYc'),
('4GH08CS051', 'jD76Xq'),
('4GH08CS054', 'nqcpPQ'),
('4GH08CS056', 'P6W4bz'),
('4GH08CS057', 'jwJdVn'),
('4GH08CS058', 'tYAqxR'),
('4GH08CS059', 'Azb8tg'),
('4GH08CS061', 'TnPgDA'),
('4GH09CS400', '2XNT3W'),
('4GH09CS401', 'rN4Qxy'),
('4GH09CS402', 'dwRyhF'),
('4GH09CS403', 'QyP9FG'),
('4GH09CS404', 'jtGYQ2'),
('4GH09CS405', 'gtfXbP'),
('4GH09CS406', 'QBqbFr'),
('4GH09CS407', 'r4MGVQ'),
('4GH09CS408', '3N6k8P'),
('4GH09CS409', '3m94tX'),
('4GH09CS410', 'HwxQqB'),
('4GH04CS001', 'x39kXc');

-- --------------------------------------------------------

--
-- Table structure for table `semester_master`
--

CREATE TABLE IF NOT EXISTS `semester_master` (
  `sem_id` int(20) NOT NULL AUTO_INCREMENT,
  `sem_name` varchar(255) NOT NULL,
  PRIMARY KEY (`sem_id`)
) ENGINE=InnoDB  DEFAULT CHARSET=latin1 AUTO_INCREMENT=9 ;

--
-- Dumping data for table `semester_master`
--

INSERT INTO `semester_master` (`sem_id`, `sem_name`) VALUES
(1, 'Ccycle'),
(2, 'Pcycle'),
(3, 'III'),
(4, 'IV'),
(5, 'V'),
(6, 'VI'),
(7, 'VII'),
(8, 'VIII');

-- --------------------------------------------------------

--
-- Table structure for table `subject_master`
--

CREATE TABLE IF NOT EXISTS `subject_master` (
  `sub_id` int(20) NOT NULL AUTO_INCREMENT,
  `sub_name` varchar(255) NOT NULL,
  `sem_id` int(20) NOT NULL,
  `f_id` int(20) NOT NULL,
  `batch_id` int(20) NOT NULL,
  `b_id` int(11) NOT NULL,
  PRIMARY KEY (`sub_id`)
) ENGINE=InnoDB  DEFAULT CHARSET=latin1 AUTO_INCREMENT=81 ;

--
-- Dumping data for table `subject_master`
--

INSERT INTO `subject_master` (`sub_id`, `sub_name`, `sem_id`, `f_id`, `batch_id`, `b_id`) VALUES
(3, 'SS', 5, 2, 2, 0),
(4, 'ECS', 7, 2, 1, 0),
(6, 'RWS', 6, 4, 2, 0),
(7, 'S&S', 4, 5, 3, 0),
(8, 'CS', 4, 6, 3, 0),
(10, 'DOM', 5, 7, 2, 0),
(12, 'C# with .NET-06CS761', 7, 9, 1, 0),
(13, 'MP', 4, 2, 3, 0),
(14, 'CD', 6, 1, 2, 1),
(15, 'ST', 8, 8, 1, 1),
(16, 'SAN', 8, 9, 1, 1),
(17, 'ACA', 8, 10, 1, 1),
(18, 'SMS', 8, 11, 1, 1),
(19, 'OR', 6, 12, 2, 1),
(20, 'USP', 6, 13, 2, 1),
(21, 'CN-II', 6, 8, 2, 1),
(24, 'M-III', 4, 16, 3, 0),
(25, 'GT', 4, 17, 3, 0),
(26, 'Unix', 4, 9, 3, 0),
(27, 'ADA', 4, 10, 3, 0),
(28, 'CO', 4, 18, 3, 0),
(29, 'ETM', 6, 19, 2, 1),
(30, 'CG', 6, 15, 2, 1),
(31, 'PD', 8, 20, 1, 2),
(32, 'D&D of SS', 8, 21, 1, 2),
(33, 'ACT', 8, 22, 1, 2),
(34, 'EE-I', 6, 23, 2, 0),
(35, 'D&D RCC', 6, 21, 2, 0),
(36, 'TE-II', 6, 20, 2, 0),
(37, 'GT-II', 6, 24, 2, 0),
(38, 'IE & HS', 6, 25, 2, 0),
(39, 'Maths-IV', 6, 26, 2, 0),
(40, 'CT', 4, 22, 3, 0),
(41, 'SA-I', 4, 21, 3, 0),
(42, 'Survey II', 4, 23, 3, 0),
(43, 'HHM', 4, 25, 3, 0),
(44, 'Maths-IV', 4, 27, 3, 0),
(45, 'Maths-IV', 4, 28, 3, 0),
(46, 'FM', 4, 29, 3, 0),
(47, 'ATD', 4, 30, 3, 0),
(48, 'BP & D', 4, 4, 3, 0),
(49, 'KOM', 4, 31, 3, 0),
(50, 'MSM', 4, 32, 3, 0),
(51, 'MP-II', 4, 33, 3, 0),
(56, 'DME-II', 6, 36, 2, 0),
(57, 'MV', 6, 36, 2, 0),
(58, 'MMP', 6, 37, 2, 0),
(59, 'FEM', 6, 37, 2, 0),
(60, 'HMT', 6, 38, 2, 0),
(61, 'R&AC', 6, 30, 2, 0),
(62, 'IM', 8, 39, 1, 4),
(63, 'H&P', 8, 39, 1, 4),
(64, 'Auto', 8, 40, 1, 4),
(65, 'FT', 8, 32, 1, 4),
(66, 'MC', 4, 41, 3, 0),
(67, 'HDL', 4, 42, 3, 0),
(68, 'LIC', 4, 43, 3, 0),
(69, 'DC', 6, 5, 2, 0),
(70, 'MP', 6, 44, 2, 0),
(71, 'AVLSI', 6, 45, 2, 0),
(72, 'A&P', 6, 6, 2, 0),
(73, 'ITC', 6, 43, 2, 0),
(74, 'C++', 6, 46, 2, 0),
(75, 'SC', 6, 47, 2, 0),
(76, 'WC', 8, 42, 1, 3),
(77, 'ES', 8, 46, 1, 3),
(78, 'NS', 8, 44, 1, 3),
(79, 'MC', 8, 47, 1, 3),
(80, 'EIA', 8, 3, 1, 2);

-- --------------------------------------------------------

--
-- Table structure for table `usn`
--

CREATE TABLE IF NOT EXISTS `usn` (
  `usn_id` int(20) NOT NULL AUTO_INCREMENT,
  `usn_no` varchar(255) NOT NULL,
  `b_id` int(20) NOT NULL,
  `sub_id` int(20) NOT NULL,
  `sem_id` int(20) NOT NULL,
  PRIMARY KEY (`usn_id`)
) ENGINE=InnoDB  DEFAULT CHARSET=latin1 AUTO_INCREMENT=137 ;

--
-- Dumping data for table `usn`
--

INSERT INTO `usn` (`usn_id`, `usn_no`, `b_id`, `sub_id`, `sem_id`) VALUES
(1, '4GH09CS400', 1, 15, 8),
(2, '4gh08cs006', 1, 15, 8),
(3, '4gh08cs035', 1, 15, 8),
(4, '4GH09CS407', 1, 16, 8),
(5, '4gh08cs019', 1, 16, 8),
(6, '4GH09CS407', 1, 17, 8),
(7, '4GH09CS407', 1, 15, 8),
(8, '4GH09CS407', 1, 18, 8),
(9, '4gh09cs403', 1, 15, 8),
(10, '4gh08cs013', 1, 15, 8),
(11, '4gh09cs403', 1, 16, 8),
(12, '4gh08cs013', 1, 17, 8),
(13, '4gh08cs013', 1, 16, 8),
(14, '4gh08cs013', 1, 18, 8),
(15, '4gh08cs050', 1, 17, 8),
(16, '4GH08CS056', 1, 18, 8),
(17, '4gh08cs014', 1, 15, 8),
(18, '4gh09cs401', 1, 16, 8),
(19, '4GH08CS056', 1, 15, 8),
(20, '4gh08cs040', 1, 15, 8),
(21, '4gh08cs049', 1, 15, 8),
(22, '4gh08cs040', 1, 17, 8),
(23, '4gh08cs048', 1, 15, 8),
(24, '4gh09cs401', 1, 18, 8),
(25, '4gh08cs040', 1, 16, 8),
(26, '4gh09cs401', 1, 15, 8),
(27, '4gh09cs401', 1, 17, 8),
(28, '4gh08cs050', 1, 15, 8),
(29, '4gh08cs030', 1, 15, 8),
(30, '4gh08cs030', 1, 18, 8),
(31, '4gh08cs030', 1, 17, 8),
(32, '4gh08cs040', 1, 18, 8),
(33, '4gh08cs007', 1, 15, 8),
(34, '4gh08cs010', 1, 15, 8),
(35, '4gh08cs010', 1, 16, 8),
(36, '4gh08cs048', 1, 16, 8),
(37, '4gh08cs048', 1, 17, 8),
(38, '4gh08cs048', 1, 18, 8),
(39, '4gh08cs030', 1, 16, 8),
(40, '4gh08cs010', 1, 17, 8),
(41, '4gh08cs007', 1, 18, 8),
(42, '4gh08cs007', 1, 17, 8),
(43, '4gh08cs049', 1, 17, 8),
(44, '4gh08cs054', 1, 15, 8),
(45, '4GH08CS057', 1, 15, 8),
(46, '4gh08cs049', 1, 16, 8),
(47, '4gh08cs049', 1, 18, 8),
(48, '4145245', 1, 17, 8),
(49, '4GH08CS057', 1, 16, 8),
(50, '4145245', 1, 18, 8),
(51, '4gh08cs054', 1, 18, 8),
(52, '4gh09cs410', 1, 15, 8),
(53, '4gh08cs042', 1, 15, 8),
(54, '4gh08cs045', 1, 15, 8),
(55, '4gh09cs410', 1, 16, 8),
(56, '4gh08cs036', 1, 15, 8),
(57, '4gh08cs050', 1, 18, 8),
(58, '4gh09cs410', 1, 17, 8),
(59, '4gh08cs042', 1, 18, 8),
(60, '4gh08cs036', 1, 16, 8),
(61, '4gh08cs042', 1, 16, 8),
(62, '4gh08cs005', 1, 15, 8),
(63, '4gh08cs036', 1, 17, 8),
(64, '4gh08cs050', 1, 16, 8),
(65, '4gh08cs036', 1, 18, 8),
(66, '4gh08cs042', 1, 17, 8),
(67, '4gh04cs001', 1, 15, 8),
(68, '4gh07cs057', 1, 15, 8),
(69, '4gh08cs045', 1, 17, 8),
(70, '4gh07cs058', 1, 15, 8),
(71, '4gh04cs001', 1, 17, 8),
(72, '4gh04cs001', 1, 18, 8),
(73, '4gh07cs058', 1, 18, 8),
(74, '4gh07cs058', 1, 16, 8),
(75, '4gh04cs001', 1, 16, 8),
(76, '4gh07cs058', 1, 17, 8),
(77, '4gh07cs069', 1, 15, 8),
(78, '4gh07cs052', 1, 15, 8),
(79, '4gh07cs069', 1, 16, 8),
(80, '4gh07cs052', 1, 16, 8),
(81, '4gh07cs052', 1, 17, 8),
(82, '4gh07cs052', 1, 18, 8),
(83, '4gh07cs069', 1, 17, 8),
(84, '4gh08cs027', 1, 15, 8),
(85, '4gh07cs069', 1, 18, 8),
(86, '4GH08CS004', 1, 15, 8),
(87, '4gh08cs051', 1, 15, 8),
(88, '4gh08cs051', 1, 16, 8),
(89, '4gh08cs051', 1, 17, 8),
(90, '4gh08cs051', 1, 18, 8),
(91, '4gh08cs017', 1, 15, 8),
(92, '4gh08cs017', 1, 16, 8),
(93, '4gh08cs017', 1, 17, 8),
(94, '4gh08cs017', 1, 18, 8),
(95, '4gh08cs023', 1, 15, 8),
(96, '4gh08cs023', 1, 16, 8),
(97, '4gh08cs023', 1, 17, 8),
(98, '4gh08cs023', 1, 18, 8),
(99, '4gh08cs039', 1, 15, 8),
(100, '4gh08cs039', 1, 16, 8),
(101, '4gh08cs039', 1, 17, 8),
(102, '4gh08cs039', 1, 18, 8),
(103, '4gh08cs015', 1, 15, 8),
(104, '4gh08cs015', 1, 16, 8),
(105, '4gh08cs015', 1, 17, 8),
(106, '4gh08cs015', 1, 18, 8),
(107, '4gh08cs032', 1, 15, 8),
(108, '4gh08cs032', 1, 16, 8),
(109, '4gh08cs032', 1, 17, 8),
(110, '4gh08cs032', 1, 18, 8),
(111, '4gh08cs043', 1, 15, 8),
(112, '4gh08cs043', 1, 16, 8),
(113, '4gh08cs043', 1, 17, 8),
(114, '4gh08cs043', 1, 18, 8),
(115, '4gh08cs024', 1, 15, 8),
(116, '4gh08cs024', 1, 16, 8),
(117, '4gh08cs024', 1, 17, 8),
(118, '4gh08cs024', 1, 18, 8),
(119, '4gh08cs059', 1, 15, 8),
(120, '4gh08cs059', 1, 16, 8),
(121, '4gh08cs059', 1, 17, 8),
(122, '4gh08cs059', 1, 18, 8),
(123, '4gh08cs021', 1, 15, 8),
(124, '4gh08cs021', 1, 16, 8),
(125, '4gh08cs021', 1, 17, 8),
(126, '4gh08cs021', 1, 18, 8),
(127, '4gh08cs001', 1, 15, 8),
(128, '4gh08cs001', 1, 16, 8),
(129, '4gh08cs001', 1, 17, 8),
(130, '4gh08cs001', 1, 18, 8),
(131, '4gh09cs051', 1, 30, 6),
(132, '4gh09cs051', 1, 19, 6),
(133, '4gh09cs051', 1, 20, 6),
(134, '4gh09cs051', 1, 21, 6),
(135, '4gh09cs051', 1, 0, 6),
(136, '4gh09cs051', 1, 0, 6);

/*!40101 SET CHARACTER_SET_CLIENT=@OLD_CHARACTER_SET_CLIENT */;
/*!40101 SET CHARACTER_SET_RESULTS=@OLD_CHARACTER_SET_RESULTS */;
/*!40101 SET COLLATION_CONNECTION=@OLD_COLLATION_CONNECTION */;
